{
  "cam_to_robot_4x4": [
    [
      0.9991606953181305,
      0.012188069834436474,
      0.03910698000487212,
      0.1986535677564107
    ],
    [
      0.009632695523456976,
      -0.9978466577079153,
      0.06487880145390476,
      -0.10123070348902559
    ],
    [
      0.03981351665380664,
      -0.06444764274086154,
      -0.9971265643020467,
      0.5320066695452188
    ],
    [
      0.0,
      0.0,
      0.0,
      1.0
    ]
  ],
  "intrinsics": {
    "fx": 602.0519409179688,
    "fy": 601.1469116210938,
    "ppx": 332.7845764160156,
    "ppy": 255.0419158935547,
    "depth_scale": 0.0010000000474974513
  }
}