{
  "keyboard": {
    "`": {
      "pixel": [
        210,
        74
      ],
      "robot": [
        101.01873094275933,
        109.55675176370228,
        -39.15404718589324
      ],
      "depth_m": 0.5800000275485218
    },
    "1": {
      "pixel": [
        242,
        74
      ],
      "robot": [
        131.8207666418322,
        109.85370763154428,
        -39.15404718589324
      ],
      "depth_m": 0.5800000275485218
    },
    "2": {
      "pixel": [
        274,
        74
      ],
      "robot": [
        162.62279861874143,
        110.15066346350172,
        -39.15404718589324
      ],
      "depth_m": 0.5800000275485218
    },
    "3": {
      "pixel": [
        306,
        74
      ],
      "robot": [
        193.42483059565066,
        110.44761929545912,
        -39.15404718589324
      ],
      "depth_m": 0.5800000275485218
    },
    "4": {
      "pixel": [
        338,
        74
      ],
      "robot": [
        224.22686396837125,
        110.74457514087327,
        -39.15404718589324
      ],
      "depth_m": 0.5800000275485218
    },
    "5": {
      "pixel": [
        370,
        74
      ],
      "robot": [
        255.02889827163278,
        111.04153099525857,
        -39.15404718589324
      ],
      "depth_m": 0.5800000275485218
    },
    "6": {
      "pixel": [
        403,
        74
      ],
      "robot": [
        286.79348921143344,
        111.34776665323032,
        -39.15404718589324
      ],
      "depth_m": 0.5800000275485218
    },
    "7": {
      "pixel": [
        435,
        74
      ],
      "robot": [
        317.59552491050636,
        111.64472252107232,
        -39.15404718589324
      ],
      "depth_m": 0.5800000275485218
    },
    "8": {
      "pixel": [
        467,
        74
      ],
      "robot": [
        348.3975531652519,
        111.94167831714516,
        -39.15404718589324
      ],
      "depth_m": 0.5800000275485218
    },
    "9": {
      "pixel": [
        499,
        74
      ],
      "robot": [
        379.1995888643248,
        112.23863418498716,
        -39.15404718589324
      ],
      "depth_m": 0.5800000275485218
    },
    "0": {
      "pixel": [
        531,
        74
      ],
      "robot": [
        410.0016245633977,
        112.53559005282918,
        -39.15404718589324
      ],
      "depth_m": 0.5800000275485218
    },
    "-": {
      "pixel": [
        563,
        74
      ],
      "robot": [
        440.80366026247054,
        112.83254592067118,
        -39.15404718589324
      ],
      "depth_m": 0.5800000275485218
    },
    "=": {
      "pixel": [
        595,
        74
      ],
      "robot": [
        471.60568107288884,
        113.12950164497485,
        -39.15404718589324
      ],
      "depth_m": 0.5800000275485218
    },
    "q": {
      "pixel": [
        210,
        147
      ],
      "robot": [
        101.87716152969975,
        39.27637893284286,
        -39.15404718589324
      ],
      "depth_m": 0.5800000275485218
    },
    "w": {
      "pixel": [
        242,
        147
      ],
      "robot": [
        132.67919722877264,
        39.57333480068487,
        -39.15404718589324
      ],
      "depth_m": 0.5800000275485218
    },
    "e": {
      "pixel": [
        274,
        147
      ],
      "robot": [
        163.48122920568187,
        39.87029063264229,
        -39.15404718589324
      ],
      "depth_m": 0.5800000275485218
    },
    "r": {
      "pixel": [
        306,
        147
      ],
      "robot": [
        194.2832611825911,
        40.16724646459972,
        -39.15404718589324
      ],
      "depth_m": 0.5800000275485218
    },
    "t": {
      "pixel": [
        338,
        147
      ],
      "robot": [
        225.0852945553117,
        40.46420231001387,
        -39.15404718589324
      ],
      "depth_m": 0.5800000275485218
    },
    "y": {
      "pixel": [
        370,
        147
      ],
      "robot": [
        255.88732885857317,
        40.761158164399156,
        -39.15404718589324
      ],
      "depth_m": 0.5800000275485218
    },
    "u": {
      "pixel": [
        403,
        147
      ],
      "robot": [
        287.6519197983739,
        41.0673938223709,
        -39.15404718589324
      ],
      "depth_m": 0.5800000275485218
    },
    "i": {
      "pixel": [
        435,
        147
      ],
      "robot": [
        318.45395549744677,
        41.36434969021291,
        -39.15404718589324
      ],
      "depth_m": 0.5800000275485218
    },
    "o": {
      "pixel": [
        467,
        147
      ],
      "robot": [
        349.2559837521924,
        41.66130548628574,
        -39.15404718589324
      ],
      "depth_m": 0.5800000275485218
    },
    "p": {
      "pixel": [
        499,
        147
      ],
      "robot": [
        380.0580194512653,
        41.95826135412775,
        -39.15404718589324
      ],
      "depth_m": 0.5800000275485218
    },
    "[": {
      "pixel": [
        531,
        147
      ],
      "robot": [
        410.8600551503381,
        42.25521722196976,
        -39.15404718589324
      ],
      "depth_m": 0.5800000275485218
    },
    "]": {
      "pixel": [
        563,
        147
      ],
      "robot": [
        441.662090849411,
        42.55217308981178,
        -39.15404718589324
      ],
      "depth_m": 0.5800000275485218
    },
    "\\": {
      "pixel": [
        595,
        147
      ],
      "robot": [
        472.46411165982926,
        42.84912881411544,
        -39.15404718589324
      ],
      "depth_m": 0.5800000275485218
    },
    "a": {
      "pixel": [
        210,
        219
      ],
      "robot": [
        102.72383281841036,
        -30.041251101576552,
        -39.15404718589324
      ],
      "depth_m": 0.5800000275485218
    },
    "s": {
      "pixel": [
        242,
        219
      ],
      "robot": [
        133.52586851748322,
        -29.744295233734544,
        -39.15404718589324
      ],
      "depth_m": 0.5800000275485218
    },
    "d": {
      "pixel": [
        274,
        219
      ],
      "robot": [
        164.32790049439248,
        -29.44733940177712,
        -39.15404718589324
      ],
      "depth_m": 0.5800000275485218
    },
    "f": {
      "pixel": [
        306,
        219
      ],
      "robot": [
        195.1299324713017,
        -29.1503835698197,
        -39.15404718589324
      ],
      "depth_m": 0.5800000275485218
    },
    "g": {
      "pixel": [
        338,
        219
      ],
      "robot": [
        225.93196584402227,
        -28.853427724405556,
        -39.15404718589324
      ],
      "depth_m": 0.5800000275485218
    },
    "h": {
      "pixel": [
        370,
        219
      ],
      "robot": [
        256.73400014728384,
        -28.556471870020264,
        -39.15404718589324
      ],
      "depth_m": 0.5800000275485218
    },
    "j": {
      "pixel": [
        403,
        219
      ],
      "robot": [
        288.4985910870845,
        -28.250236212048517,
        -39.15404718589324
      ],
      "depth_m": 0.5800000275485218
    },
    "k": {
      "pixel": [
        435,
        219
      ],
      "robot": [
        319.30062678615735,
        -27.953280344206508,
        -39.15404718589324
      ],
      "depth_m": 0.5800000275485218
    },
    "l": {
      "pixel": [
        467,
        219
      ],
      "robot": [
        350.10265504090296,
        -27.656324548133675,
        -39.15404718589324
      ],
      "depth_m": 0.5800000275485218
    },
    ";": {
      "pixel": [
        499,
        219
      ],
      "robot": [
        380.9046907399759,
        -27.35936868029166,
        -39.15404718589324
      ],
      "depth_m": 0.5800000275485218
    },
    "'": {
      "pixel": [
        531,
        219
      ],
      "robot": [
        411.70672643904874,
        -27.06241281244965,
        -39.15404718589324
      ],
      "depth_m": 0.5800000275485218
    },
    "z": {
      "pixel": [
        210,
        292
      ],