{
  "cam_to_robot_4x4": [
    [
      0.3326563024738216,
      0.8088510360441871,
      0.4848708961308065,
      -0.05762731634600898
    ],
    [
      -0.7614741417022238,
      0.53369357715978,
      -0.36786994606417533,
      0.13516530538374633
    ],
    [
      -0.5563244700202453,
      -0.24684239341864148,
      0.7934556804687013,
      0.0147045204735613
    ],
    [
      0.0,
      0.0,
      0.0,
      1.0
    ]
  ],
  "camera_points_m": [
    [
      0.06893744319677353,
      0.07615426182746887,
      0.2410000115633011
    ],
    [
      0.1754225641489029,
      -0.037469156086444855,
      0.36900001764297485
    ],
    [
      0.06876231729984283,
      0.07512470334768295,
      0.23900000751018524
    ],
    [
      0.06638047099113464,
      0.0747271329164505,
      0.23900000751018524
    ],
    [
      0.06717441231012344,
      0.07512470334768295,
      0.23900000751018524
    ],
    [
      0.07273207604885101,
      0.073931984603405,
      0.23900000751018524
    ],
    [
      0.16006922721862793,
      0.046342797577381134,
      0.3620000183582306
    ],
    [
      0.0642663910984993,
      0.07583826780319214,
      0.24000000953674316
    ],
    [
      0.06558651477098465,
      0.0747271329164505,
      0.23900000751018524
    ]
  ],
  "robot_points_mm": [
    [
      120,
      50,
      180
    ],
    [
      120,
      -50,
      180
    ],
    [
      150,
      0,
      180
    ],
    [
      150,
      50,
      150
    ],
    [
      150,
      -50,
      150
    ],
    [
      180,
      0,
      180
    ],
    [
      180,
      30,
      150
    ],
    [
      180,
      -30,
      150
    ],
    [
      120,
      0,
      140
    ]
  ],
  "errors_mm": [
    42.12594191371129,
    115.07210237728192,
    48.40027987154479,
    16.314849481467416,
    86.63192328337729,
    59.89295474866138,
    138.31524720706958,
    78.52411385420368,
    43.49797159159402
  ],
  "mean_error_mm": 69.86393159210125,
  "intrinsics": {
    "fx": 602.0519409179688,
    "fy": 601.1469116210938,
    "ppx": 332.7845764160156,
    "ppy": 255.0419158935547,
    "width": 640,
    "height": 480
  }
}